{
	"class_name" : "PinholeCameraParameters",
	"extrinsic" : 
	[
		0.28142335070175561,
		0.82567964910260616,
		-0.48893150311428485,
		0.0,
		0.94624675005352421,
		-0.15413178729053639,
		0.28435977240068283,
		0.0,
		0.15943019065703956,
		-0.54267532577446542,
		-0.82467296857762828,
		0.0,
		-0.11735080584901347,
		-0.60509490445918845,
		1.259222836495665,
		1.0
	],
	"intrinsic" : 
	{
		"height" : 1080,
		"intrinsic_matrix" : 
		[
			935.30743608719376,
			0.0,
			0.0,
			0.0,
			935.30743608719376,
			0.0,
			959.5,
			539.5,
			1.0
		],
		"width" : 1920
	},
	"version_major" : 1,
	"version_minor" : 0
}