{
	"class_name" : "PinholeCameraParameters",
	"extrinsic" : 
	[
		0.84691800747959212,
		0.25304435257346425,
		-0.46765205467042914,
		0.0,
		-0.096022740100815532,
		-0.79225756144739812,
		-0.60258409347820785,
		0.0,
		-0.52298137824432045,
		0.55524455149069107,
		-0.64667918325052998,
		0.0,
		0.54476828647197473,
		-0.052094706627473619,
		1.9760770441357143,
		1.0
	],
	"intrinsic" : 
	{
		"height" : 1080,
		"intrinsic_matrix" : 
		[
			935.30743608719376,
			0.0,
			0.0,
			0.0,
			935.30743608719376,
			0.0,
			959.5,
			539.5,
			1.0
		],
		"width" : 1920
	},
	"version_major" : 1,
	"version_minor" : 0
}