{
	"class_name" : "PinholeCameraParameters",
	"extrinsic" : 
	[
		-0.17934232072035228,
		0.62824398015079619,
		-0.75706395595281406,
		0.0,
		-0.93071141841725624,
		-0.3576959813755009,
		-0.076353392429913805,
		0.0,
		-0.31876729384674551,
		0.69091467368417026,
		0.64886387329047623,
		0.0,
		-0.32553207564722353,
		-0.45523096210618585,
		2.6578988267350927,
		1.0
	],
	"intrinsic" : 
	{
		"height" : 1080,
		"intrinsic_matrix" : 
		[
			935.30743608719376,
			0.0,
			0.0,
			0.0,
			935.30743608719376,
			0.0,
			959.5,
			539.5,
			1.0
		],
		"width" : 1920
	},
	"version_major" : 1,
	"version_minor" : 0
}