{"fx": 613.9306030273438, "fy": 614.3072713216146, "ppx": 322.1438802083333, "ppy": 241.59906514485678, "coeffs": [0.0, 0.0, 0.0, 0.0, 0.0]}