{"0": {"src_img_id": 7, "spawn_pos": [0.06573486328125, -0.62042236328125, 0.7648839611249653], "base_pos": [0.06573486328125, -0.62042236328125, 0.7648839611249653], "target": [0.62042236328125, 0.6, 0.06573486328125], "label": 1}, "1": {"src_img_id": 22, "spawn_pos": [0.297464832475611, -0.3992270643863696, 6.099602196323985], "base_pos": [0.297464832475611, -0.3992270643863696, 6.099602196323985], "target": [1.0214489129565139, -1.0869531758129596, 2.1784848868495037], "label": 1}, "2": {"src_img_id": 1, "spawn_pos": [0.05656654724338919, -0.6303958212850389, 1.5596686789246756], "base_pos": [0.05656654724338919, -0.6303958212850389, 1.5596686789246756], "target": [-1.7797429325514582, -2.163363274745643, 1.9447364394428683], "label": 1}}