{"xyz": [[0.5250389575958252, -0.10286816209554672, 0.41036558151245117]], "quat": [[0.9349855780601501, 0.35109373927116394, -0.030202101916074753, -0.040286172181367874]]}