{
    "yellow_cup": [
        [
            0.6431372549019608,
            0.4980392156862745,
            0.0
        ]
    ],
    "dark_blue_plate": [
        [
            0.06666666666666667,
            0.3176470588235294,
            0.42745098039215684
        ]
    ],
    "light_blue_bowl": [
        [
            0.23921568627450981,
            0.6823529411764706,
            0.792156862745098
        ]
    ],
    "pink_small_bowl": [
        [
            0.6972549019607844, 
            0.26666678431372549019, 
            0.25882353615686274509804
        ]
    ],
    "peach_big_bowl": [
        [
            0.7372549019607844, 
            0.6078431372549019, 
            0.615686274509804
        ]
    ],
    "pink_plate": [
        0.7372549 , 0.34117647, 0.58039216
    ],
    "purple_plate": [
        0.30980392, 0.15294118, 0.4627451 
    ],
    "aqua_plate": [
        0.42352941, 0.70588235, 0.71372549
    ],
    "neon_yellow_plate": [
        0.6627451 , 0.73333333, 0.39215686
    ],
    "ignore_shadow_0": [
        [
            0.5333333333333333,
            0.5411764705882353,
            0.5294117647058824
        ]
    ],
    "red_bowl": [
        [
            0.5450980392156862,
            0.0392156862745098,
            0.03529411764705882
        ]
    ],
    "ignore_shadow_1": [
        [
            0.16470588235294117,
            0.1607843137254902,
            0.050980392156862744
        ]
    ],
    "ignore_camera_stand": [
        [
            0.0,
            0.050980392156862744,
            0.00784313725490196
        ]
    ],
    "ignore_shadow_3": [
        [
            0.6078431372549019,
            0.611764705882353,
            0.6862745098039216
        ]
    ],
    "ignore_sink": [
        [ 
            0.28627451, 
            0.55294118, 
            0.10196078
        ]
    ]
}