{"red_bowl": [[0.5803921568627451, 0.00784313725490196, 0.0]],
    "yellow_cup": [[0.7019607843137254, 0.5647058823529412, 0.0]], "dark_blue_plate": [[0.054901960784313725, 0.32941176470588235, 0.4117647058823529]], 
    "pink_bowl": [[0.7372549019607844, 0.6078431372549019, 0.615686274509804]],
    "light_blue_bowl": [[0.23529411764705882, 0.6392156862745098, 0.7215686274509804]], "green_cup": [[0.3058823529411765, 0.5058823529411764, 0.20784313725490197]], "ignore": [[0.0, 0.6274509803921569, 0.7058823529411765]], "ignore": [[0.5333333333333333, 0.5529411764705883, 0.5568627450980392]], "ignore": [[0.13333333333333333, 0.16470588235294117, 0.050980392156862744]], "ignore": [[0.5647058823529412, 0.5647058823529412, 0.4470588235294118]]}