{
    "dark_blue_plate": [
        0.6624394397302245,
        -0.4375997077783539,
        0.06466443636180626
    ],
    "light_blue_bowl": [
        0.36990778881462444,
        -0.3343705224296166,
        0.036031637078604996
    ],
    "red_bowl": [
        0.5626016827532018,
        -0.24009111889017482,
        0.03548705277004566
    ],
    "yellow_cup": [
        0.3424850804914824,
        -0.508392704708471,
        0.08568477520160946
    ]
}