{
    "red_bowl": [
        0.4649015880465838,
        -0.2502910799518351,
        0.03723051417968672
    ],
    "dark_blue_plate": [
        0.36121687347236575,
        -0.4303462147053958,
        0.06668189721727034
    ],
    "light_blue_bowl": [
        0.6790145716044703,
        -0.2882750025793654,
        0.03315757327523252
    ],
    "yellow_cup": [
        0.5567961834840846,
        -0.45522138863053024,
        0.0951139496498279
    ]
}