{
    "light_blue_bowl": [
        0.6790771757598185,
        -0.2881603135454016,
        0.03297779390255586
    ],
    "yellow_cup": [
        0.5570186661051413,
        -0.45124384835595605,
        0.09196449605933966
    ],
    "dark_blue_plate": [
        0.36146080922148605,
        -0.4290290268349362,
        0.06672253306931498
    ],
    "red_bowl": [
        0.46471973929810845,
        -0.25421831047504784,
        0.035634863321517385
    ]
}