{
    "yellow_cup": [
        0.3203656951778264,
        -0.28067178238129914,
        0.09580121589281672
    ],
    "light_blue_bowl": [
        0.5658876402116196,
        -0.23404818642208414,
        0.03726189678094269
    ],
    "red_bowl": [
        0.6536752158871245,
        -0.4128134796902002,
        0.0277001752288103
    ],
    "dark_blue_plate": [
        0.43184164995144886,
        -0.4211320980530253,
        0.06651915508958957
    ]
}