{
    "red_bowl": [
        0.5630083928294418,
        -0.23860095201346504,
        0.033132792459696886
    ],
    "light_blue_bowl": [
        0.3678457371258019,
        -0.33672955797480264,
        0.03607353081096594
    ]
}