{"xyz": [[-0.05953561142086983, -0.4670037031173706, 0.044725265353918076], [0.015987128019332886, -0.6555245518684387, 0.10549433529376984], [-0.28470009565353394, -0.49809229373931885, 0.0406365729868412], [-0.21538473665714264, -0.6972994208335876, 0.1041293814778328]], "quat": [[0.6944868564605713, -0.5987726449966431, 0.1477135717868805, 0.3705941438674927], [0.8764191269874573, -0.38052600622177124, -0.09529461711645126, 0.27929991483688354], [0.6573432087898254, -0.5329223871231079, 0.4492402970790863, 0.28649041056632996], [-0.6223832368850708, 0.663404643535614, -0.18546944856643677, -0.37166446447372437]]}