{"xyz": [[0.2462332546710968, -0.13003762066364288, 0.18732747435569763], [0.2293388992547989, -0.5544804930686951, 0.21611009538173676], [0.6373224258422852, -0.5196283459663391, 0.21525612473487854], [0.6929877996444702, -0.024927478283643723, 0.17892567813396454]], "quat": [[0.9938040971755981, 0.037247732281684875, 0.08467312157154083, -0.06161535903811455], [0.6338156461715698, 0.7730087637901306, -0.004607343580573797, 0.026720095425844193], [0.872911810874939, 0.4846484065055847, 0.018690776079893112, 0.05283519998192787], [0.7893615961074829, 0.09432769566774368, 0.6064858436584473, -0.01361742615699768], [0.6569705605506897, 0.6160807609558105, 0.3178236782550812, 0.29634830355644226], [-0.5148396492004395, -0.5072444081306458, 0.5413282513618469, -0.4296590983867645]]}