{"xyz": [[0.5908467173576355, 0.3373607397079468, 0.15122705698013306], [0.7503308057785034, 0.27825140953063965, 0.15255045890808105], [0.7250736951828003, 0.36202582716941833, 0.24055424332618713], [0.7378460168838501, -0.39358294010162354, 0.278826504945755], [0.7247983813285828, -0.3782039284706116, 0.1521162986755371], [0.6834715008735657, -0.36276400089263916, 0.20962005853652954], [0.7435363531112671, -0.3368459939956665, 0.28699222207069397]], "quat": [[0.8627303242683411, -0.11587879806756973, 0.3429616391658783, -0.3530521094799042], [0.8038111925125122, -0.3028760850429535, 0.44565656781196594, -0.252079039812088], [0.7244585156440735, -0.43292275071144104, 0.5195778012275696, -0.1333290934562683]]}