{"xyz": [[0.6490532755851746, -0.039139050990343094, 0.2591794729232788], [0.39216795563697815, -0.4738912880420685, 0.17747759819030762], [0.6807070374488831, -0.4931968152523041, 0.1923992931842804], [0.7103856801986694, -0.2970852255821228, 0.11398452520370483]], "quat": [[0.8035044074058533, -0.02908213809132576, 0.5613523125648499, -0.196006178855896], [0.773979663848877, -0.247052401304245, 0.5830262303352356, 0.0009988683741539717], [0.7363492250442505, -0.39371269941329956, 0.542493999004364, 0.09208908677101135]]}