{"xyz": [[0.5875601768493652, -0.34303900599479675, 0.21053236722946167], [0.6805009245872498, -0.3463522493839264, 0.4619373381137848], [0.7666991353034973, 0.2947470247745514, 0.3151533007621765], [0.7246556878089905, 0.30977049469947815, 0.17257899045944214], [0.5803166627883911, 0.2942454218864441, 0.24886415898799896], [0.5926814675331116, 0.28984466195106506, 0.49123769998550415], [0.5296269059181213, -0.24064402282238007, 0.38130486011505127], [0.5437914133071899, -0.22014857828617096, 0.22864440083503723]], "quat": [[0.6456457376480103, -0.45364564657211304, 0.6059600114822388, -0.10079549998044968], [0.7039521932601929, -0.3740551769733429, 0.5697537660598755, -0.1997867226600647], [0.8086528182029724, -0.2923392057418823, 0.44710731506347656, -0.24640098214149475]]}