{"xyz": [[0.20748682141304016, -0.7095553493499756, 0.1579205095767975], [0.7063658618927002, -0.7118086218833923, 0.1340467631816864], [0.7041161441802979, -0.05277084559202194, 0.1350872814655304], [0.29183292388916016, -0.05817368865013123, 0.21988697946071625]], "quat": [[0.6866209506988525, 0.7255187034606934, -0.04238300397992134, 0.019440947100520134], [0.8715306520462036, 0.4889504909515381, -0.020461317151784897, 0.030710194259881973], [0.9965093731880188, 0.07935018837451935, -0.00585085479542613, 0.025266043841838837], [0.7292221188545227, 0.56758713722229, 0.18183544278144836, 0.33617833256721497], [0.8984895348548889, 0.19719721376895905, -0.13841503858566284, 0.3669756352901459]]}