{"xyz": [[0.28748682141304016, -0.4995553493499756, 0.11579205095767975], [0.6663658618927002, -0.37118086218833923, 0.1340467631816864], [0.6641161441802979, -0.05277084559202194, 0.1350872814655304], [0.29183292388916016, -0.11817368865013123, 0.11988697946071625]], "quat": [[0.8099788427352905, 0.39686915278434753, -0.34379637241363525, 0.2612147629261017], [0.7629833817481995, -0.028823232278227806, -0.6343039870262146, 0.12117766588926315], [0.5584104061126709, 0.48399022221565247, 0.5278392434120178, -0.4187087118625641], [0.6313112378120422, 0.3518662750720978, 0.6397061944007874, -0.26155734062194824], [0.8818773627281189, 0.46778371930122375, 0.054258108139038086, 0.02295099012553692], [0.7272232174873352, 0.6847040057182312, 0.04091804474592209, 0.025544146075844765]]}