{"xyz": [[0.6987033486366272, -0.35227882862091064, 0.3024185001850128], [0.6538463830947876, -0.33113759756088257, 0.16271282732486725], [0.36662861704826355, -0.19281473755836487, 0.21404123306274414], [0.4134679436683655, 0.48660045862197876, 0.19025573134422302], [0.6820098161697388, 0.4508837163448334, 0.19289827346801758], [0.70477294921875, 0.4051661193370819, 0.39687612652778625]], "quat": [[0.8570777773857117, -0.2776823937892914, 0.4337674379348755, -0.012489448301494122], [0.8842535018920898, -0.16677862405776978, 0.3836738169193268, -0.20754526555538177], [0.8857007026672363, -0.026683129370212555, 0.2555336356163025, -0.386684387922287]]}