{"xyz": [[0.5265178084373474, -0.433401882648468, 0.105398801863193512], [0.2255553901195526, -0.5832930207252502, 0.11903288215398788], [0.5186301469802856, -0.1844359189271927, 0.10349027812480927], [0.19679592549800873, -0.22447608411312103, 0.07638932764530182]], "quat": [[0.7380295991897583, 0.13181553781032562, 0.65980464220047, -0.050939254462718964], [0.7904497981071472, -0.11441032588481903, 0.5259089469909668, 0.29243654012680054], [0.7231845855712891, 0.22335276007652283, 0.6312503218650818, -0.1692354530096054], [0.7898196578025818, 0.30155566334724426, 0.5060029029846191, -0.17090965807437897], [0.8611174821853638, 0.10176808387041092, -0.48675650358200073, 0.10577370226383209], [0.6848399043083191, 0.726000189781189, 0.061574045568704605, -0.011255414225161076], [0.6848363280296326, 0.7260037064552307, 0.06157286837697029, -0.011251312680542469], [0.9770357012748718, 0.19849886000156403, 0.055740922689437866, -0.05378060042858124], [0.9516550898551941, -0.29526132345199585, 0.041929882019758224, -0.07358816266059875], [0.9119481444358826, -0.1920102834701538, 0.3626042902469635, -0.0008977177203632891], [0.7931819558143616, 0.3259752690792084, 0.47685280442237854, -0.1929091513156891]]}