{"position": [0.8450750112533569, 0.00035203268635086715, 0.30640076875686646], "orientation": [0.4949801564216614, 0.8027790188789368, 0.20513023436069489, 0.2616526484489441]}
