{"position": [0.72, 0.003123051952570677, 0.32824777603149414], "orientation": [0.4869728684425354, 0.8364347815513611, 0.1216963604092598, 0.22005528211593628]}
