{"position": [0.65, 0.02029464766383171, 0.4441458821296692], "orientation": [0.430372416973114, 0.768324613571167, 0.28011026978492737, 0.38209304213523865]}
