{
    "0": {
        "src_img_id": 168,
        "spawn_pos": [
            -0.9687843322753906,
            -0.828948974609375,
            1.0646246104454407
        ],
        "base_pos": [
            -0.9687843322753906,
            -0.828948974609375,
            1.0646246104454407
        ],
        "target": [
            -1.7972321170237542,
            0.10546509512835822,
            1.0945344197552938
        ],
        "label": 1
    }
}