{"0": {"src_img_id": 168, "spawn_pos": [-0.9687843322753906, -0.828948974609375, 1.0646246104454407], "base_pos": [-0.9687843322753906, -0.828948974609375, 1.0646246104454407], "target": [-1.7972321170237542, 0.10546509512835822, 1.0945344197552938], "label": 1}, "1": {"src_img_id": 182, "spawn_pos": [-0.6220779418945312, -0.6583595275878906, 1.4122557162241092], "base_pos": [-0.6220779418945312, -0.6583595275878906, 1.4122557162241092], "target": [-1.0547536551197139, -0.14491398596204275, 0.24289560334360094], "label": 1}, "2": {"src_img_id": 196, "spawn_pos": [-0.8976898193359375, -0.3069038391113281, 1.8761323528970142], "base_pos": [-0.8976898193359375, -0.3069038391113281, 1.8761323528970142], "target": [-2.947990431783816, 0.05845174706597511, -1.9055235712277592], "label": 1}, "3": {"src_img_id": 244, "spawn_pos": [-1.6057777404785156, 0.11331939697265625, 0.7496429318142184], "base_pos": [-1.6057777404785156, 0.11331939697265625, 0.7496429318142184], "target": [-2.950774415147137, -0.07660132258027907, 0.18366179188190457], "label": 1}}